{"loss": [2.125605344772339, 1.1688634157180786, 1.0918893814086914, 0.9236905574798584, 0.6824946999549866, 0.505942165851593, 0.4409398138523102, 0.4090222716331482, 0.38775256276130676, 0.38481226563453674, 0.36716026067733765, 0.3710114359855652, 0.35450541973114014, 0.3525615632534027, 0.34836244583129883, 0.3318113088607788, 0.33563533425331116, 0.3352758288383484, 0.32420894503593445, 0.3248618543148041, 0.33110761642456055, 0.33260586857795715, 0.31446126103401184, 0.31457728147506714, 0.31070759892463684, 0.31979483366012573, 0.30845439434051514, 0.31317076086997986, 0.29315313696861267, 0.290221244096756, 0.2867231070995331, 0.2868706285953522, 0.28853586316108704, 0.2875339984893799, 0.2845669090747833, 0.28187525272369385, 0.28988170623779297, 0.27575165033340454, 0.27459436655044556, 0.2786156237125397, 0.2724190652370453, 0.2780306041240692, 0.27462413907051086, 0.27432477474212646, 0.2744387686252594, 0.2708270847797394, 0.26687607169151306, 0.2678934335708618, 0.2654299736022949, 0.2659187912940979, 0.26577994227409363, 0.266643762588501, 0.26453521847724915, 0.2659528851509094, 0.2624529004096985, 0.2622483968734741, 0.2623429596424103, 0.26159995794296265, 0.2616291046142578], "mae": [1.1232229471206665, 0.8773537278175354, 0.8449923992156982, 0.7682970762252808, 0.6410132646560669, 0.5380399823188782, 0.5003822445869446, 0.47873687744140625, 0.4652400314807892, 0.46214723587036133, 0.4536963105201721, 0.4542689621448517, 0.4424828290939331, 0.44222918152809143, 0.4393168091773987, 0.42843157052993774, 0.4299866557121277, 0.43001094460487366, 0.4193029999732971, 0.42096206545829773, 0.42551475763320923, 0.4256962835788727, 0.41364750266075134, 0.4119071066379547, 0.41096997261047363, 0.4150700569152832, 0.40858426690101624, 0.413347065448761, 0.3969935178756714, 0.39577212929725647, 0.3914128839969635, 0.3913641571998596, 0.39431989192962646, 0.393608421087265, 0.390241414308548, 0.38878104090690613, 0.39389798045158386, 0.3828340172767639, 0.3814699351787567, 0.38534626364707947, 0.3804183602333069, 0.38459447026252747, 0.3814193606376648, 0.38244718313217163, 0.38188230991363525, 0.3784264922142029, 0.3757757544517517, 0.3758763372898102, 0.3746345341205597, 0.37464380264282227, 0.3743228614330292, 0.3760993182659149, 0.37327393889427185, 0.3749323785305023, 0.37176233530044556, 0.3712414801120758, 0.37197554111480713, 0.37118270993232727, 0.37155574560165405], "val_loss": [1.261385440826416, 1.1268365383148193, 1.002840518951416, 0.7850522994995117, 0.6597007513046265, 0.4608691930770874, 0.4199085235595703, 0.3911511301994324, 0.4598159193992615, 0.3655175268650055, 0.38871288299560547, 0.3914402723312378, 0.4007781445980072, 0.35839688777923584, 0.3427528142929077, 0.4111822247505188, 0.3404906690120697, 0.34872952103614807, 0.33641165494918823, 0.3281521499156952, 0.33364731073379517, 0.32526901364326477, 0.30960869789123535, 0.35382550954818726, 0.3602765202522278, 0.3443946838378906, 0.3276994526386261, 0.3373469412326813, 0.3037544786930084, 0.32670673727989197, 0.30177271366119385, 0.2959640622138977, 0.309175044298172, 0.3070448637008667, 0.30361154675483704, 0.3011241555213928, 0.29729989171028137, 0.2955346405506134, 0.3017524480819702, 0.29818081855773926, 0.2938615381717682, 0.30718106031417847, 0.296915203332901, 0.29632213711738586, 0.3074229955673218, 0.29583293199539185, 0.28897222876548767, 0.2945433557033539, 0.287422239780426, 0.28991180658340454, 0.2874608635902405, 0.2907004952430725, 0.28776755928993225, 0.2931200861930847, 0.2894417941570282, 0.28801533579826355, 0.2896357774734497, 0.2901567220687866, 0.2881016135215759], "val_mae": [0.9114212989807129, 0.8637815713882446, 0.8064697980880737, 0.7032229900360107, 0.6180261373519897, 0.5102493762969971, 0.49140238761901855, 0.47459301352500916, 0.5055962204933167, 0.4546065628528595, 0.46062329411506653, 0.4729090929031372, 0.4795517921447754, 0.4449608027935028, 0.4375288784503937, 0.4715539813041687, 0.42631396651268005, 0.43370792269706726, 0.43454769253730774, 0.420510858297348, 0.4237033426761627, 0.43307074904441833, 0.41126513481140137, 0.4473039507865906, 0.4316973388195038, 0.43471261858940125, 0.4251101613044739, 0.433482825756073, 0.4045032858848572, 0.4204789996147156, 0.3984093964099884, 0.3969770073890686, 0.4137670397758484, 0.4085153043270111, 0.4082504212856293, 0.3991672694683075, 0.39477190375328064, 0.4008908271789551, 0.4025399088859558, 0.4016750156879425, 0.3988909423351288, 0.39230281114578247, 0.3959604501724243, 0.40100330114364624, 0.4047420918941498, 0.39900049567222595, 0.387531042098999, 0.3994188606739044, 0.3911718726158142, 0.39077168703079224, 0.3900095224380493, 0.38934126496315, 0.3906354308128357, 0.39649829268455505, 0.3950909972190857, 0.3909622132778168, 0.3888709247112274, 0.39127546548843384, 0.3939532935619354], "learning_rate": [0.0020000000949949026, 0.0020000000949949026, 0.0020000000949949026, 0.0020000000949949026, 0.0020000000949949026, 0.0020000000949949026, 0.0020000000949949026, 0.0020000000949949026, 0.0020000000949949026, 0.0020000000949949026, 0.0020000000949949026, 0.0020000000949949026, 0.0020000000949949026, 0.0020000000949949026, 0.0020000000949949026, 0.0020000000949949026, 0.0020000000949949026, 0.0020000000949949026, 0.0020000000949949026, 0.0020000000949949026, 0.0020000000949949026, 0.0020000000949949026, 0.0020000000949949026, 0.0020000000949949026, 0.0020000000949949026, 0.0020000000949949026, 0.0020000000949949026, 0.0020000000949949026, 0.0010000000474974513, 0.0010000000474974513, 0.0010000000474974513, 0.0010000000474974513, 0.0010000000474974513, 0.0010000000474974513, 0.0010000000474974513, 0.0010000000474974513, 0.0010000000474974513, 0.0005000000237487257, 0.0005000000237487257, 0.0005000000237487257, 0.0005000000237487257, 0.0005000000237487257, 0.0005000000237487257, 0.0005000000237487257, 0.0005000000237487257, 0.0005000000237487257, 0.0002500000118743628, 0.0002500000118743628, 0.0002500000118743628, 0.0002500000118743628, 0.0002500000118743628, 0.0002500000118743628, 0.0002500000118743628, 0.0002500000118743628, 0.0001250000059371814, 0.0001250000059371814, 0.0001250000059371814, 0.0001250000059371814, 0.0001250000059371814]}